ground_truth, iters1, iters2, iters3, iters4, iters5, iters6, iters7, iters8, iters9, iters10, iters11, iters12, iters13, iters14, iters15, iters16, iters17, iters18, iters19, iters20, iters21, iters22, iters23, iters24, iters25
0, 9, 4, 0, 4, 14, 2, 0, 14, 16, 6, 0, 8, 16, 4, 0, 0, 4, 0, 16, 0, 6, 0, 4, 22, 0
0, 2, 20, 2, 22, 16, 14, 4, 0, 22, 0, 0, 0, 22, 0, 16, 14, 6, 22, 0, 8, 0, 0, 22, 0, 0
0, 30, 20, 2, 4, 16, 0, 16, 14, 16, 12, 4, 16, 0, 0, 14, 16, 0, 4, 0, 16, 8, 16, 22, 22, 0
0, 16, 0, 12, 0, 12, 0, 2, 22, 0, 0, 0, 0, 0, 0, 4, 0, 0, 0, 12, 4, 0, 14, 6, 22, 22
0, 16, 4, 0, 4, 6, 0, 0, 11, 22, 0, 4, 0, 0, 0, 0, 0, 14, 12, 14, 22, 0, 16, 0, 0, 0
0, 7, 27, 4, 0, 16, 2, 22, 0, 6, 22, 0, 0, 0, 14, 14, 22, 0, 6, 0, 0, 22, 0, 2, 16, 0
0, 27, 20, 4, 0, 18, 0, 0, 8, 0, 16, 6, 8, 14, 0, 0, 0, 16, 0, 22, 0, 16, 16, 16, 0, 0
0, 2, 24, 1, 12, 22, 16, 12, 6, 22, 22, 0, 0, 16, 2, 0, 0, 0, 0, 0, 4, 0, 0, 0, 4, 0
0, 1, 2, 22, 24, 6, 12, 12, 22, 0, 0, 16, 14, 8, 0, 22, 4, 0, 0, 0, 16, 0, 0, 14, 0, 0
0, 14, 2, 16, 22, 0, 0, 4, 0, 22, 16, 6, 6, 0, 6, 0, 16, 22, 14, 0, 0, 0, 8, 0, 0, 0
0, 17, 4, 4, 4, 22, 14, 4, 8, 0, 6, 22, 0, 0, 14, 0, 0, 0, 14, 0, 16, 0, 0, 0, 0, 0
0, 4, 25, 20, 4, 14, 3, 16, 0, 0, 16, 6, 0, 2, 0, 8, 0, 2, 0, 0, 0, 0, 22, 6, 22, 0
0, 7, 1, 16, 17, 2, 22, 4, 6, 16, 2, 6, 16, 0, 8, 12, 4, 6, 4, 0, 0, 0, 0, 16, 0, 0
0, 7, 4, 6, 0, 14, 16, 14, 22, 2, 0, 22, 0, 12, 0, 0, 0, 22, 0, 16, 0, 0, 16, 4, 6, 0
0, 22, 8, 4, 0, 9, 0, 22, 8, 0, 0, 0, 8, 0, 0, 22, 22, 0, 14, 0, 0, 0, 0, 0, 0, 0
1, 2, 22, 21, 21, 17, 9, 17, 1, 9, 1, 12, 1, 14, 9, 1, 1, 9, 1, 1, 1, 1, 1, 1, 1, 1
1, 19, 25, 17, 13, 2, 17, 10, 1, 9, 5, 1, 1, 1, 1, 1, 1, 1, 9, 1, 1, 1, 1, 1, 1, 1
1, 7, 14, 17, 14, 5, 11, 15, 17, 17, 12, 13, 3, 1, 9, 1, 1, 1, 1, 1, 9, 6, 1, 1, 1, 1
1, 4, 4, 17, 1, 17, 22, 1, 1, 3, 1, 14, 1, 1, 3, 1, 1, 10, 1, 5, 1, 1, 1, 1, 1, 1
1, 0, 21, 3, 10, 25, 1, 5, 1, 1, 1, 1, 3, 3, 1, 1, 9, 17, 1, 1, 1, 6, 1, 5, 1, 1
1, 14, 13, 10, 25, 18, 1, 1, 14, 1, 1, 9, 14, 17, 1, 1, 1, 5, 1, 1, 1, 21, 1, 1, 1, 21
1, 14, 5, 17, 17, 9, 17, 21, 9, 14, 1, 1, 14, 14, 1, 1, 5, 17, 9, 1, 3, 5, 1, 1, 1, 1
1, 0, 20, 30, 21, 1, 6, 1, 6, 1, 11, 1, 1, 5, 1, 1, 1, 1, 1, 1, 3, 9, 1, 1, 3, 1
1, 5, 0, 5, 25, 6, 14, 9, 1, 10, 3, 1, 1, 1, 1, 1, 1, 1, 1, 9, 1, 25, 5, 1, 1, 9
1, 19, 3, 7, 1, 1, 9, 0, 17, 1, 9, 1, 3, 1, 21, 30, 1, 3, 1, 1, 1, 9, 9, 1, 5, 1
1, 5, 3, 21, 10, 17, 1, 2, 30, 5, 1, 14, 3, 5, 1, 1, 1, 1, 1, 1, 1, 21, 1, 1, 5, 14
1, 5, 17, 5, 1, 1, 25, 14, 5, 1, 3, 1, 1, 5, 6, 9, 1, 17, 30, 1, 9, 1, 5, 1, 6, 1
1, 7, 17, 6, 1, 1, 2, 13, 1, 9, 21, 1, 6, 1, 1, 1, 11, 1, 14, 1, 1, 9, 1, 1, 1, 1
1, 21, 17, 29, 21, 25, 9, 25, 3, 9, 1, 1, 1, 1, 3, 1, 1, 1, 1, 1, 1, 1, 17, 25, 3, 1
1, 3, 6, 17, 1, 4, 21, 1, 13, 9, 1, 1, 5, 9, 1, 12, 5, 1, 1, 3, 1, 5, 5, 1, 14, 3
2, 16, 16, 16, 22, 18, 8, 2, 12, 12, 18, 3, 22, 2, 3, 18, 6, 18, 2, 2, 12, 2, 2, 6, 2, 7
2, 21, 3, 7, 9, 0, 12, 25, 7, 3, 0, 0, 22, 16, 18, 2, 2, 2, 2, 2, 2, 2, 15, 2, 2, 12
2, 16, 10, 2, 27, 3, 4, 11, 15, 3, 2, 16, 12, 22, 0, 12, 7, 2, 2, 2, 7, 3, 12, 16, 2, 12
2, 3, 3, 9, 8, 2, 9, 8, 8, 3, 10, 8, 3, 18, 8, 2, 2, 2, 2, 7, 2, 22, 22, 2, 8, 12
2, 22, 18, 6, 18, 11, 30, 8, 7, 16, 22, 2, 6, 11, 8, 3, 18, 2, 2, 8, 0, 2, 2, 2, 2, 2
2, 6, 2, 22, 12, 11, 6, 25, 0, 8, 12, 3, 2, 8, 2, 2, 12, 8, 2, 18, 22, 9, 8, 2, 12, 8
2, 10, 2, 9, 16, 14, 3, 7, 12, 18, 16, 7, 8, 2, 8, 12, 22, 2, 12, 6, 2, 2, 2, 12, 3, 7
2, 2, 16, 7, 24, 18, 9, 13, 22, 18, 12, 22, 7, 7, 0, 8, 2, 2, 3, 2, 2, 3, 10, 12, 2, 8
2, 7, 3, 7, 18, 7, 6, 30, 2, 3, 7, 12, 18, 22, 22, 8, 8, 6, 3, 2, 2, 2, 2, 12, 2, 7
2, 22, 29, 8, 3, 16, 8, 0, 10, 10, 16, 2, 3, 2, 10, 2, 2, 2, 7, 22, 22, 2, 2, 8, 2, 2
2, 22, 19, 2, 6, 18, 6, 11, 22, 12, 2, 2, 8, 0, 2, 2, 22, 2, 3, 2, 2, 2, 12, 2, 2, 2
2, 4, 16, 18, 11, 6, 8, 9, 7, 16, 18, 2, 11, 16, 7, 2, 25, 7, 2, 8, 0, 8, 3, 2, 2, 22
2, 3, 12, 21, 18, 8, 6, 8, 12, 8, 2, 6, 11, 18, 6, 2, 2, 22, 8, 2, 2, 8, 9, 2, 3, 3
2, 20, 15, 22, 16, 22, 18, 3, 9, 8, 12, 2, 22, 2, 2, 8, 8, 7, 2, 8, 2, 2, 2, 0, 2, 0
2, 2, 2, 25, 7, 8, 11, 16, 12, 9, 12, 7, 0, 2, 10, 2, 12, 2, 12, 9, 12, 8, 7, 7, 12, 8
3, 8, 6, 6, 19, 15, 13, 22, 8, 3, 9, 3, 6, 3, 6, 3, 5, 12, 30, 3, 5, 5, 3, 3, 3, 3
3, 28, 5, 25, 7, 14, 11, 11, 13, 9, 7, 6, 3, 2, 10, 3, 11, 6, 3, 3, 1, 1, 3, 9, 7, 7
3, 9, 22, 9, 19, 11, 6, 2, 3, 3, 7, 22, 12, 30, 9, 13, 1, 9, 6, 12, 2, 3, 3, 3, 3, 3
3, 7, 11, 19, 23, 1, 18, 7, 5, 2, 6, 3, 3, 3, 13, 1, 1, 3, 3, 3, 3, 3, 3, 3, 3, 3
3, 31, 6, 6, 7, 22, 9, 1, 6, 2, 3, 11, 6, 3, 11, 7, 3, 14, 3, 6, 3, 2, 3, 15, 3, 3
3, 2, 6, 13, 1, 10, 3, 22, 30, 6, 12, 11, 3, 3, 11, 6, 3, 1, 25, 2, 3, 3, 15, 3, 5, 2
3, 28, 6, 29, 2, 25, 3, 3, 1, 3, 9, 6, 1, 30, 7, 3, 3, 3, 2, 6, 1, 3, 2, 3, 3, 3
3, 3, 12, 4, 9, 3, 14, 9, 11, 3, 3, 6, 7, 11, 3, 9, 3, 2, 15, 9, 3, 3, 3, 3, 3, 3
3, 10, 15, 16, 15, 8, 5, 14, 9, 1, 1, 5, 6, 3, 15, 2, 1, 3, 3, 15, 12, 3, 3, 14, 9, 3
3, 6, 6, 3, 3, 9, 5, 15, 6, 18, 6, 3, 25, 15, 1, 3, 25, 3, 2, 3, 3, 3, 3, 22, 3, 6
3, 0, 16, 17, 9, 6, 12, 3, 11, 30, 1, 12, 3, 9, 9, 9, 3, 5, 1, 3, 3, 1, 2, 1, 3, 3
3, 0, 14, 14, 7, 8, 2, 9, 3, 3, 6, 3, 0, 3, 3, 3, 9, 6, 3, 3, 1, 3, 3, 10, 3, 3
3, 7, 23, 30, 5, 7, 3, 9, 2, 13, 12, 6, 3, 9, 2, 1, 25, 25, 3, 25, 3, 3, 9, 1, 7, 5
3, 5, 3, 30, 17, 24, 6, 7, 2, 10, 22, 6, 5, 9, 7, 2, 6, 3, 3, 3, 7, 6, 3, 3, 1, 2
3, 29, 13, 30, 9, 21, 13, 1, 12, 6, 15, 12, 12, 3, 2, 3, 3, 9, 11, 9, 3, 3, 1, 3, 30, 6
4, 0, 16, 4, 4, 16, 4, 4, 4, 0, 4, 4, 4, 4, 4, 4, 4, 4, 4, 4, 4, 4, 4, 4, 4, 4
4, 6, 14, 4, 4, 4, 4, 4, 4, 4, 16, 4, 4, 4, 4, 4, 4, 4, 4, 4, 4, 4, 4, 4, 4, 4
4, 4, 4, 4, 4, 12, 4, 4, 4, 4, 0, 4, 4, 4, 4, 4, 4, 4, 4, 4, 4, 4, 4, 4, 4, 4
4, 25, 12, 4, 0, 14, 4, 4, 4, 4, 4, 4, 4, 4, 4, 4, 4, 4, 4, 4, 4, 4, 4, 4, 4, 4
4, 16, 20, 4, 4, 4, 16, 4, 4, 16, 4, 4, 4, 4, 4, 4, 4, 4, 4, 4, 4, 4, 4, 4, 4, 4
4, 8, 4, 25, 25, 4, 4, 4, 4, 16, 4, 4, 16, 4, 4, 4, 4, 4, 4, 4, 16, 4, 4, 4, 4, 4
4, 4, 16, 0, 8, 4, 4, 4, 0, 4, 4, 6, 4, 4, 4, 4, 4, 4, 4, 0, 4, 4, 4, 4, 4, 4
4, 2, 4, 4, 4, 4, 4, 0, 4, 4, 4, 4, 4, 4, 4, 14, 4, 4, 4, 4, 4, 4, 4, 4, 4, 4
4, 4, 22, 4, 16, 4, 4, 4, 4, 4, 4, 4, 4, 16, 4, 16, 4, 4, 4, 4, 0, 4, 4, 14, 4, 4
4, 3, 4, 4, 4, 4, 16, 4, 4, 4, 16, 16, 4, 4, 4, 4, 4, 4, 4, 4, 4, 4, 4, 4, 4, 4
4, 4, 4, 4, 0, 4, 4, 0, 16, 4, 4, 4, 4, 4, 4, 4, 4, 4, 4, 4, 4, 4, 4, 4, 4, 4
4, 20, 14, 4, 16, 4, 4, 4, 4, 4, 4, 0, 4, 4, 4, 4, 4, 4, 4, 4, 4, 4, 4, 4, 4, 4
4, 14, 4, 18, 4, 4, 14, 4, 4, 0, 4, 4, 4, 4, 4, 0, 4, 0, 4, 4, 4, 4, 4, 4, 4, 4
4, 20, 0, 4, 4, 4, 4, 4, 0, 4, 4, 4, 4, 4, 14, 4, 4, 4, 4, 4, 4, 0, 4, 4, 4, 4
4, 4, 6, 4, 4, 6, 4, 4, 4, 4, 16, 4, 4, 0, 4, 4, 0, 4, 4, 4, 4, 4, 4, 4, 4, 4
5, 3, 15, 1, 21, 17, 5, 5, 22, 9, 28, 21, 9, 9, 9, 5, 5, 5, 3, 5, 5, 5, 5, 5, 5, 5
5, 21, 21, 25, 5, 5, 19, 5, 5, 5, 21, 5, 5, 5, 19, 5, 5, 5, 5, 5, 5, 5, 5, 30, 9, 13
5, 27, 28, 7, 21, 17, 1, 5, 5, 1, 5, 21, 17, 1, 5, 5, 5, 5, 15, 5, 5, 13, 5, 5, 5, 3
5, 16, 19, 13, 21, 5, 1, 9, 5, 1, 19, 3, 1, 5, 5, 5, 9, 5, 5, 1, 5, 5, 1, 5, 5, 5
5, 13, 2, 23, 31, 5, 1, 21, 5, 1, 5, 13, 9, 5, 5, 5, 5, 15, 30, 5, 5, 5, 5, 5, 5, 5
5, 1, 17, 31, 17, 21, 5, 9, 17, 5, 5, 10, 5, 5, 5, 31, 5, 5, 5, 5, 5, 5, 5, 5, 5, 5
5, 13, 3, 5, 5, 31, 17, 17, 13, 21, 13, 5, 5, 5, 5, 5, 5, 5, 5, 5, 5, 5, 5, 9, 30, 1
5, 19, 21, 21, 5, 25, 5, 30, 3, 31, 21, 5, 1, 17, 5, 21, 13, 5, 1, 5, 13, 5, 5, 9, 5, 5
5, 22, 15, 5, 17, 17, 28, 5, 5, 13, 5, 13, 5, 30, 5, 31, 5, 5, 1, 5, 5, 13, 5, 5, 5, 5
5, 3, 14, 5, 21, 10, 21, 13, 21, 31, 5, 5, 5, 30, 5, 5, 9, 5, 31, 25, 15, 5, 3, 5, 5, 5
5, 3, 14, 7, 30, 1, 25, 21, 5, 13, 9, 5, 5, 5, 5, 13, 5, 5, 5, 5, 5, 1, 1, 5, 5, 1
5, 3, 17, 11, 17, 5, 21, 21, 1, 5, 5, 17, 5, 13, 5, 5, 30, 15, 5, 21, 5, 5, 5, 5, 5, 5
5, 17, 26, 7, 21, 19, 10, 5, 30, 1, 5, 1, 21, 5, 5, 21, 5, 5, 5, 5, 5, 5, 5, 13, 5, 5
5, 3, 21, 17, 21, 13, 21, 17, 25, 5, 9, 5, 9, 5, 5, 5, 5, 5, 9, 5, 5, 5, 5, 21, 5, 5
5, 24, 19, 3, 31, 21, 5, 7, 5, 5, 5, 5, 5, 5, 15, 21, 31, 15, 5, 5, 15, 5, 9, 21, 1, 5
6, 4, 9, 6, 22, 22, 1, 6, 25, 7, 1, 6, 14, 0, 6, 3, 9, 6, 6, 1, 0, 6, 14, 6, 6, 0
6, 14, 1, 0, 14, 1, 1, 9, 14, 1, 0, 14, 9, 9, 6, 0, 6, 6, 14, 6, 6, 6, 0, 14, 22, 6
6, 22, 13, 2, 9, 14, 14, 3, 9, 6, 14, 2, 9, 6, 9, 6, 14, 14, 6, 14, 6, 6, 6, 6, 6, 9
6, 9, 1, 1, 2, 2, 14, 6, 8, 22, 1, 6, 6, 6, 14, 6, 6, 1, 22, 6, 6, 12, 6, 6, 22, 9
6, 16, 2, 30, 9, 25, 3, 6, 14, 12, 22, 6, 14, 14, 9, 2, 14, 6, 6, 2, 6, 0, 6, 0, 6, 6
6, 12, 14, 11, 25, 19, 6, 6, 2, 30, 14, 6, 6, 6, 14, 22, 14, 22, 6, 6, 22, 6, 14, 6, 6, 6
6, 4, 17, 2, 9, 4, 4, 22, 14, 14, 8, 22, 22, 22, 6, 9, 14, 22, 14, 6, 14, 9, 6, 6, 22, 6
6, 8, 4, 9, 2, 6, 16, 25, 3, 22, 6, 0, 14, 6, 1, 6, 1, 6, 11, 6, 3, 6, 6, 6, 3, 22
6, 4, 2, 25, 22, 0, 8, 25, 14, 6, 1, 6, 6, 9, 6, 6, 9, 9, 6, 12, 1, 6, 6, 6, 9, 22
6, 28, 3, 22, 22, 25, 24, 3, 3, 14, 6, 11, 6, 14, 14, 6, 6, 3, 6, 14, 2, 6, 6, 6, 1, 6
6, 17, 18, 28, 3, 22, 16, 0, 22, 6, 12, 0, 14, 9, 2, 22, 3, 6, 14, 14, 6, 6, 6, 6, 6, 9
6, 5, 28, 12, 6, 10, 3, 9, 6, 1, 22, 0, 9, 14, 22, 2, 6, 6, 22, 6, 14, 1, 9, 9, 9, 6
6, 22, 21, 0, 14, 6, 6, 30, 3, 14, 9, 14, 3, 6, 9, 22, 9, 6, 6, 22, 14, 14, 6, 6, 9, 6
6, 27, 30, 2, 16, 14, 2, 22, 11, 9, 6, 6, 14, 1, 6, 6, 9, 6, 6, 22, 9, 6, 0, 6, 6, 14
6, 24, 2, 29, 22, 16, 27, 2, 9, 11, 9, 6, 6, 22, 3, 0, 1, 9, 1, 22, 3, 6, 9, 9, 12, 6
7, 17, 22, 3, 13, 7, 18, 18, 15, 7, 25, 18, 7, 15, 7, 2, 7, 18, 2, 7, 15, 7, 12, 7, 7, 7
7, 7, 31, 3, 8, 3, 2, 10, 7, 8, 15, 2, 3, 18, 3, 18, 7, 7, 7, 6, 18, 18, 18, 10, 7, 7
7, 16, 13, 7, 2, 13, 2, 11, 7, 18, 2, 7, 22, 7, 7, 10, 7, 7, 3, 7, 7, 15, 7, 2, 18, 18
7, 19, 5, 2, 9, 7, 30, 18, 7, 2, 18, 15, 9, 18, 10, 18, 2, 9, 2, 9, 7, 15, 7, 13, 7, 7
7, 20, 14, 16, 12, 22, 7, 7, 15, 7, 9, 7, 7, 15, 7, 18, 18, 13, 7, 7, 7, 7, 7, 2, 7, 13
7, 2, 13, 27, 15, 12, 18, 18, 3, 22, 7, 22, 18, 7, 7, 7, 15, 18, 7, 10, 15, 3, 18, 7, 7, 7
7, 3, 27, 0, 7, 7, 13, 2, 9, 13, 12, 7, 18, 3, 8, 7, 18, 13, 10, 7, 7, 7, 7, 7, 2, 7
7, 2, 24, 23, 31, 3, 7, 3, 31, 7, 7, 7, 7, 8, 7, 15, 7, 2, 11, 7, 15, 7, 7, 7, 7, 7
7, 31, 13, 2, 2, 27, 18, 2, 15, 2, 8, 13, 7, 7, 10, 7, 13, 7, 7, 8, 8, 18, 13, 7, 7, 15
7, 6, 3, 9, 13, 5, 11, 3, 6, 7, 10, 15, 3, 18, 8, 2, 2, 18, 7, 3, 7, 7, 7, 18, 11, 10
7, 5, 29, 18, 14, 2, 9, 9, 7, 30, 10, 6, 2, 11, 2, 7, 7, 7, 7, 7, 15, 7, 7, 7, 2, 7
7, 24, 2, 26, 3, 18, 10, 7, 9, 7, 18, 18, 2, 12, 7, 7, 7, 2, 18, 7, 7, 18, 18, 18, 18, 7
7, 3, 22, 23, 7, 7, 13, 7, 8, 7, 12, 3, 18, 10, 3, 7, 7, 7, 18, 13, 2, 3, 7, 7, 7, 18
7, 2, 16, 7, 2, 12, 18, 11, 2, 3, 12, 2, 10, 7, 7, 7, 18, 3, 13, 7, 7, 18, 7, 18, 2, 7
7, 5, 11, 18, 7, 25, 26, 8, 3, 18, 30, 7, 7, 8, 7, 2, 7, 3, 7, 7, 7, 7, 7, 7, 18, 2
8, 0, 2, 2, 12, 18, 2, 8, 18, 12, 8, 22, 16, 7, 8, 16, 8, 8, 2, 18, 8, 8, 8, 8, 18, 18
8, 7, 7, 14, 6, 18, 16, 8, 8, 8, 22, 22, 18, 18, 8, 8, 8, 16, 12, 8, 18, 8, 8, 8, 16, 8
8, 2, 27, 4, 18, 18, 18, 8, 16, 8, 8, 8, 8, 8, 8, 8, 22, 8, 8, 18, 2, 18, 8, 18, 8, 8
8, 6, 8, 4, 16, 16, 7, 0, 8, 12, 12, 8, 18, 16, 16, 16, 8, 8, 16, 24, 8, 8, 8, 8, 8, 8
8, 7, 2, 16, 24, 18, 16, 16, 0, 2, 8, 8, 8, 16, 8, 8, 24, 2, 8, 8, 8, 8, 18, 8, 8, 8
8, 4, 16, 16, 18, 12, 8, 8, 16, 8, 8, 18, 18, 2, 2, 18, 16, 8, 8, 8, 8, 8, 16, 8, 16, 8
8, 28, 27, 4, 16, 4, 10, 8, 8, 7, 8, 18, 8, 8, 16, 8, 0, 8, 8, 22, 8, 8, 8, 8, 8, 8
8, 18, 25, 24, 8, 8, 4, 0, 16, 7, 8, 8, 8, 8, 8, 18, 8, 6, 16, 8, 16, 8, 8, 16, 22, 8
8, 10, 0, 7, 0, 24, 11, 16, 18, 22, 12, 8, 8, 8, 8, 2, 8, 8, 8, 18, 3, 8, 8, 8, 16, 8
8, 4, 29, 4, 20, 16, 8, 8, 22, 8, 12, 18, 8, 12, 18, 8, 8, 8, 8, 12, 8, 8, 2, 8, 8, 18
8, 10, 18, 22, 12, 8, 22, 16, 8, 8, 16, 0, 16, 18, 8, 8, 10, 8, 16, 8, 8, 8, 22, 8, 8, 8
8, 4, 24, 20, 24, 18, 16, 30, 7, 18, 8, 18, 18, 8, 8, 8, 8, 16, 8, 8, 18, 8, 12, 8, 16, 8
8, 5, 22, 16, 4, 4, 9, 7, 22, 12, 8, 18, 0, 16, 16, 8, 8, 8, 8, 18, 8, 8, 18, 8, 8, 8
8, 2, 4, 28, 8, 18, 12, 8, 0, 7, 27, 16, 8, 8, 8, 2, 8, 8, 8, 10, 8, 8, 8, 8, 16, 8
8, 7, 4, 23, 24, 18, 18, 24, 10, 0, 22, 2, 8, 8, 8, 8, 16, 8, 2, 22, 8, 8, 12, 8, 8, 8
9, 1, 4, 9, 3, 6, 22, 6, 9, 3, 9, 9, 9, 25, 1, 2, 9, 9, 25, 9, 9, 9, 9, 5, 9, 9
9, 13, 26, 17, 18, 9, 9, 15, 3, 3, 14, 1, 22, 9, 9, 9, 9, 3, 3, 9, 9, 25, 3, 3, 9, 9
9, 28, 14, 2, 22, 13, 17, 1, 3, 9, 9, 6, 9, 9, 11, 9, 9, 9, 3, 9, 22, 9, 6, 9, 9, 9
9, 22, 22, 21, 22, 9, 5, 1, 9, 9, 9, 9, 9, 5, 1, 25, 9, 9, 3, 25, 9, 9, 9, 9, 9, 9
9, 6, 29, 1, 21, 1, 25, 9, 1, 3, 6, 9, 9, 9, 11, 3, 8, 9, 25, 9, 9, 9, 3, 9, 1, 9
9, 28, 26, 6, 8, 25, 9, 14, 1, 9, 3, 1, 1, 6, 9, 9, 9, 9, 9, 9, 9, 11, 9, 9, 9, 1
9, 1, 4, 22, 25, 9, 25, 14, 22, 1, 9, 22, 7, 1, 9, 9, 3, 9, 6, 9, 9, 9, 9, 3, 9, 9
9, 7, 5, 12, 5, 5, 25, 3, 1, 3, 5, 1, 1, 3, 7, 9, 9, 9, 9, 9, 1, 1, 3, 9, 3, 9
9, 4, 18, 25, 11, 9, 9, 6, 9, 11, 25, 9, 22, 1, 3, 9, 11, 9, 9, 9, 9, 25, 13, 9, 9, 9
9, 3, 5, 11, 10, 2, 30, 14, 25, 9, 9, 6, 9, 9, 9, 9, 3, 9, 9, 6, 25, 2, 7, 3, 9, 1
9, 6, 8, 1, 1, 3, 6, 6, 25, 25, 9, 3, 1, 3, 9, 9, 9, 1, 6, 9, 22, 3, 6, 22, 9, 9
9, 13, 2, 22, 22, 10, 1, 9, 6, 0, 3, 9, 6, 9, 9, 9, 6, 1, 9, 9, 9, 3, 9, 9, 9, 9
9, 4, 6, 3, 7, 9, 5, 9, 9, 11, 22, 9, 5, 3, 2, 3, 9, 11, 1, 9, 9, 2, 9, 5, 9, 9
9, 25, 4, 21, 25, 9, 11, 22, 9, 6, 11, 7, 9, 6, 9, 9, 9, 1, 2, 9, 5, 9, 9, 3, 9, 9
9, 0, 13, 13, 1, 3, 9, 9, 9, 1, 9, 9, 6, 9, 3, 13, 9, 9, 9, 6, 5, 9, 3, 2, 9, 9
10, 5, 5, 3, 1, 30, 4, 10, 10, 8, 13, 5, 10, 17, 10, 10, 13, 10, 10, 10, 10, 18, 10, 10, 10, 10
10, 9, 17, 4, 8, 30, 17, 18, 10, 8, 8, 10, 10, 10, 7, 10, 10, 10, 14, 10, 10, 10, 10, 10, 10, 10
10, 17, 13, 16, 12, 10, 10, 10, 10, 6, 10, 10, 10, 10, 10, 10, 10, 13, 22, 10, 10, 10, 10, 10, 13, 10
10, 13, 20, 23, 11, 15, 18, 10, 11, 7, 13, 10, 10, 10, 10, 10, 10, 10, 10, 10, 2, 10, 10, 10, 10, 10
10, 28, 7, 26, 12, 13, 10, 20, 13, 13, 10, 10, 5, 13, 10, 22, 10, 30, 10, 10, 10, 10, 10, 10, 10, 10
10, 2, 28, 2, 3, 26, 26, 26, 11, 9, 13, 10, 10, 26, 10, 13, 7, 10, 10, 10, 10, 10, 10, 10, 10, 10
10, 5, 2, 3, 10, 14, 10, 10, 15, 10, 12, 10, 7, 10, 15, 2, 10, 13, 3, 6, 10, 10, 10, 8, 10, 10
10, 15, 23, 3, 20, 10, 10, 10, 10, 10, 10, 13, 10, 10, 10, 10, 10, 10, 10, 14, 10, 10, 10, 10, 10, 10
10, 6, 17, 13, 10, 18, 13, 20, 13, 13, 10, 10, 7, 10, 9, 9, 10, 10, 8, 10, 22, 10, 10, 10, 10, 10
10, 31, 8, 29, 10, 24, 10, 5, 20, 10, 10, 18, 10, 10, 10, 10, 10, 10, 22, 10, 10, 13, 10, 10, 10, 10
10, 7, 10, 2, 20, 11, 23, 7, 13, 13, 13, 10, 10, 30, 10, 3, 10, 10, 10, 10, 10, 10, 10, 13, 10, 3
10, 5, 4, 17, 12, 13, 5, 10, 10, 10, 15, 10, 10, 10, 10, 10, 10, 10, 10, 10, 10, 2, 10, 13, 10, 13
10, 0, 29, 6, 26, 17, 26, 10, 10, 10, 10, 10, 13, 10, 10, 10, 18, 10, 13, 10, 13, 10, 7, 10, 2, 10
10, 4, 23, 23, 6, 10, 24, 10, 14, 22, 7, 22, 13, 20, 11, 10, 10, 10, 20, 10, 7, 10, 7, 10, 10, 10
10, 13, 2, 28, 26, 11, 26, 7, 10, 18, 26, 7, 10, 7, 2, 10, 10, 10, 10, 10, 10, 10, 10, 10, 10, 13
11, 3, 7, 22, 1, 27, 11, 13, 2, 9, 11, 22, 6, 11, 18, 11, 12, 11, 11, 11, 8, 2, 11, 11, 11, 11
11, 12, 6, 5, 11, 7, 11, 7, 11, 11, 11, 11, 5, 11, 11, 11, 2, 11, 11, 22, 11, 11, 11, 11, 11, 11
11, 31, 9, 4, 3, 31, 11, 27, 27, 11, 3, 11, 11, 11, 22, 10, 11, 11, 11, 11, 11, 11, 6, 11, 11, 11
11, 3, 15, 22, 11, 2, 11, 9, 2, 11, 6, 11, 10, 11, 9, 11, 11, 11, 11, 11, 6, 11, 11, 22, 7, 11
11, 6, 11, 25, 7, 27, 7, 11, 27, 11, 8, 11, 11, 11, 11, 11, 2, 11, 11, 11, 11, 11, 11, 15, 11, 11
11, 14, 6, 23, 9, 8, 7, 11, 11, 11, 11, 0, 9, 3, 11, 11, 11, 11, 11, 11, 11, 11, 11, 11, 11, 11
11, 4, 23, 22, 9, 30, 22, 11, 0, 15, 11, 11, 18, 11, 11, 11, 11, 11, 11, 11, 11, 11, 11, 11, 11, 11
11, 8, 10, 13, 12, 24, 11, 18, 1, 11, 11, 11, 11, 2, 7, 18, 11, 9, 8, 11, 11, 8, 11, 11, 11, 11
11, 5, 2, 2, 12, 11, 11, 22, 1, 11, 11, 9, 22, 7, 11, 11, 11, 11, 9, 11, 11, 11, 11, 11, 11, 11
11, 14, 24, 12, 11, 11, 24, 2, 2, 11, 11, 22, 11, 11, 0, 11, 11, 6, 11, 11, 11, 15, 11, 12, 11, 11
11, 4, 27, 11, 11, 11, 6, 14, 15, 11, 11, 11, 11, 3, 11, 11, 11, 11, 11, 6, 11, 7, 11, 11, 11, 11
11, 24, 3, 10, 6, 4, 18, 11, 12, 3, 11, 11, 22, 11, 9, 8, 3, 11, 11, 2, 11, 11, 11, 11, 11, 11
11, 3, 16, 31, 11, 9, 12, 10, 11, 22, 11, 12, 22, 11, 11, 11, 11, 10, 11, 27, 11, 11, 11, 11, 11, 11
11, 8, 3, 15, 5, 4, 11, 8, 11, 11, 11, 5, 11, 3, 8, 11, 22, 11, 11, 11, 11, 11, 11, 11, 3, 11
11, 3, 24, 9, 27, 16, 22, 9, 11, 3, 10, 15, 11, 11, 11, 11, 11, 11, 11, 11, 27, 11, 22, 8, 11, 11
12, 8, 24, 28, 13, 18, 12, 19, 16, 8, 18, 12, 7, 12, 2, 28, 12, 0, 2, 12, 2, 12, 12, 2, 12, 12
12, 3, 0, 16, 8, 7, 0, 12, 11, 12, 12, 12, 12, 12, 12, 12, 16, 11, 2, 12, 2, 12, 0, 12, 12, 12
12, 0, 0, 16, 2, 22, 0, 12, 12, 12, 18, 11, 16, 12, 12, 2, 12, 12, 12, 16, 12, 12, 12, 12, 12, 12
12, 24, 1, 12, 18, 4, 8, 12, 12, 12, 12, 12, 16, 12, 12, 10, 12, 12, 12, 12, 12, 12, 16, 12, 12, 12
12, 25, 23, 12, 12, 27, 22, 12, 30, 12, 12, 12, 12, 12, 12, 12, 12, 12, 12, 12, 12, 12, 2, 2, 12, 12
12, 3, 20, 11, 6, 12, 12, 12, 30, 30, 12, 12, 16, 7, 12, 12, 11, 12, 12, 0, 30, 12, 12, 11, 12, 12
12, 2, 4, 7, 16, 6, 12, 0, 4, 7, 6, 3, 12, 12, 7, 12, 12, 12, 12, 12, 12, 12, 12, 12, 12, 12
12, 7, 14, 4, 16, 0, 11, 12, 12, 12, 12, 12, 12, 2, 12, 12, 12, 12, 12, 12, 12, 12, 12, 12, 0, 12
12, 3, 7, 24, 18, 12, 12, 12, 8, 12, 16, 12, 11, 12, 12, 12, 12, 12, 12, 3, 14, 12, 12, 12, 12, 12
12, 3, 20, 19, 2, 12, 14, 12, 16, 11, 12, 12, 12, 12, 7, 12, 22, 12, 12, 8, 12, 12, 30, 16, 12, 12
12, 19, 20, 19, 12, 28, 12, 12, 0, 2, 12, 3, 12, 6, 12, 12, 12, 12, 12, 2, 8, 12, 12, 12, 12, 12
12, 21, 15, 22, 12, 15, 16, 6, 12, 0, 12, 12, 12, 12, 3, 16, 0, 12, 12, 0, 16, 12, 12, 12, 12, 12
12, 2, 28, 3, 12, 7, 16, 12, 16, 28, 12, 11, 12, 12, 12, 12, 14, 12, 12, 12, 12, 12, 3, 2, 12, 12
12, 21, 18, 16, 30, 14, 12, 14, 30, 0, 12, 18, 12, 12, 12, 12, 12, 12, 12, 12, 12, 12, 12, 12, 12, 12
12, 19, 9, 20, 8, 18, 12, 12, 12, 28, 12, 12, 12, 12, 2, 12, 14, 2, 12, 12, 0, 12, 12, 12, 12, 11
13, 29, 24, 30, 23, 11, 6, 11, 10, 11, 15, 13, 13, 13, 1, 10, 13, 13, 13, 13, 13, 13, 13, 7, 13, 13
13, 3, 3, 22, 18, 7, 7, 25, 10, 9, 13, 13, 13, 15, 21, 13, 13, 13, 3, 13, 10, 13, 10, 13, 15, 13
13, 5, 21, 27, 11, 10, 7, 13, 7, 13, 10, 13, 13, 13, 15, 5, 13, 13, 13, 5, 13, 13, 13, 13, 13, 13
13, 2, 5, 23, 11, 13, 15, 13, 5, 5, 29, 13, 13, 13, 7, 10, 13, 13, 10, 13, 13, 13, 13, 9, 13, 13
13, 29, 19, 29, 13, 9, 13, 7, 13, 13, 13, 13, 13, 13, 9, 10, 15, 13, 13, 13, 13, 10, 10, 13, 13, 13
13, 20, 28, 23, 13, 5, 13, 13, 13, 13, 13, 13, 10, 13, 13, 13, 13, 5, 13, 13, 13, 13, 13, 23, 13, 13
13, 27, 6, 22, 5, 13, 23, 10, 15, 24, 13, 13, 13, 13, 13, 13, 21, 10, 3, 5, 13, 13, 15, 13, 13, 9
13, 0, 29, 7, 15, 10, 30, 15, 29, 13, 13, 15, 13, 13, 9, 13, 15, 5, 13, 5, 13, 13, 13, 23, 13, 13
13, 2, 17, 13, 31, 9, 17, 13, 17, 13, 10, 19, 13, 13, 10, 13, 13, 13, 13, 13, 13, 13, 13, 13, 13, 13
13, 23, 23, 9, 13, 1, 21, 10, 7, 15, 13, 13, 10, 13, 13, 13, 13, 13, 13, 13, 15, 13, 13, 13, 13, 13
13, 7, 3, 7, 23, 26, 9, 17, 13, 5, 10, 13, 9, 13, 10, 13, 13, 13, 10, 13, 31, 13, 5, 13, 13, 19
13, 5, 17, 10, 13, 3, 10, 23, 11, 3, 24, 13, 13, 13, 13, 15, 13, 9, 13, 1, 13, 13, 13, 13, 13, 23
13, 29, 7, 26, 7, 7, 9, 23, 8, 13, 23, 13, 13, 31, 13, 13, 13, 13, 13, 13, 13, 13, 13, 13, 9, 5
13, 13, 21, 19, 31, 15, 13, 13, 13, 10, 31, 29, 13, 13, 29, 13, 13, 9, 13, 13, 15, 13, 7, 13, 13, 5
13, 3, 9, 29, 18, 31, 19, 13, 10, 9, 23, 13, 13, 10, 13, 13, 13, 10, 13, 13, 13, 7, 7, 13, 13, 13
14, 4, 4, 17, 11, 0, 4, 22, 1, 14, 14, 14, 14, 22, 14, 14, 14, 6, 14, 14, 14, 14, 14, 14, 14, 0
14, 3, 4, 0, 28, 0, 1, 4, 14, 14, 22, 14, 14, 14, 14, 14, 0, 14, 14, 14, 14, 14, 14, 6, 14, 14
14, 0, 8, 14, 0, 25, 4, 12, 16, 30, 14, 14, 14, 14, 14, 14, 14, 6, 14, 14, 14, 14, 14, 1, 0, 14
14, 2, 13, 29, 14, 19, 3, 6, 14, 14, 14, 0, 25, 14, 1, 14, 0, 14, 14, 14, 6, 14, 6, 14, 14, 14
14, 28, 4, 10, 14, 14, 0, 14, 22, 12, 6, 14, 14, 22, 6, 14, 14, 14, 14, 14, 14, 0, 6, 1, 14, 14
14, 5, 2, 22, 9, 14, 14, 22, 14, 28, 0, 14, 1, 14, 14, 14, 14, 14, 14, 6, 14, 6, 14, 14, 14, 14
14, 20, 4, 22, 31, 16, 14, 1, 1, 0, 14, 14, 14, 11, 14, 14, 22, 14, 22, 14, 14, 14, 14, 14, 14, 14
14, 8, 4, 14, 2, 4, 14, 1, 14, 14, 9, 1, 14, 14, 14, 14, 14, 14, 14, 14, 14, 14, 14, 14, 14, 6
14, 8, 4, 28, 0, 0, 1, 1, 14, 10, 22, 6, 14, 6, 14, 14, 6, 14, 14, 1, 6, 14, 14, 14, 14, 14
14, 3, 22, 9, 14, 0, 20, 22, 22, 14, 14, 22, 14, 14, 14, 2, 14, 14, 14, 14, 14, 14, 14, 6, 14, 14
14, 4, 14, 14, 2, 22, 14, 14, 1, 25, 6, 14, 14, 14, 14, 14, 0, 14, 14, 14, 14, 14, 17, 6, 14, 14
14, 16, 0, 1, 12, 0, 6, 14, 14, 14, 14, 14, 14, 6, 14, 3, 14, 14, 6, 14, 14, 14, 14, 14, 14, 14
14, 21, 27, 0, 4, 1, 1, 14, 4, 14, 14, 14, 14, 14, 14, 12, 14, 14, 14, 25, 14, 14, 14, 14, 14, 14
14, 2, 17, 6, 8, 24, 0, 14, 14, 1, 14, 0, 6, 14, 14, 0, 14, 14, 14, 14, 14, 14, 14, 14, 14, 14
14, 4, 14, 14, 1, 22, 0, 14, 0, 14, 9, 14, 14, 14, 14, 14, 14, 14, 14, 14, 1, 1, 14, 14, 14, 14
15, 3, 7, 22, 28, 5, 24, 15, 21, 15, 26, 13, 3, 15, 31, 30, 31, 15, 15, 15, 15, 7, 13, 15, 15, 18
15, 16, 4, 13, 13, 15, 23, 18, 18, 18, 15, 15, 7, 15, 15, 5, 15, 15, 15, 3, 15, 15, 18, 5, 7, 15
15, 1, 31, 13, 31, 31, 11, 17, 15, 31, 7, 31, 15, 15, 15, 15, 15, 13, 15, 15, 15, 15, 15, 15, 15, 15
15, 0, 13, 12, 21, 26, 15, 24, 22, 15, 31, 15, 31, 15, 15, 15, 15, 15, 15, 7, 15, 15, 15, 15, 15, 15
15, 4, 31, 3, 19, 7, 11, 11, 12, 18, 30, 31, 13, 11, 5, 3, 13, 30, 15, 15, 15, 15, 15, 15, 15, 3
15, 21, 11, 13, 3, 5, 15, 30, 15, 15, 13, 11, 15, 15, 2, 13, 13, 7, 12, 15, 15, 31, 5, 18, 15, 15
15, 5, 13, 22, 5, 7, 15, 31, 9, 15, 5, 2, 31, 15, 31, 15, 15, 15, 3, 15, 15, 5, 11, 31, 13, 15
15, 7, 21, 19, 16, 2, 26, 11, 15, 15, 5, 31, 15, 15, 13, 15, 15, 7, 15, 15, 15, 31, 15, 11, 15, 15
15, 5, 31, 5, 10, 7, 15, 27, 15, 3, 15, 11, 3, 7, 10, 31, 31, 7, 15, 15, 10, 7, 15, 15, 15, 15
15, 8, 1, 3, 23, 13, 31, 30, 5, 19, 11, 15, 30, 7, 15, 15, 23, 15, 15, 15, 15, 15, 13, 18, 11, 15
15, 27, 7, 29, 5, 15, 11, 11, 30, 13, 15, 15, 15, 15, 15, 15, 15, 15, 31, 15, 15, 15, 15, 12, 7, 15
15, 7, 13, 13, 28, 28, 7, 31, 7, 15, 30, 13, 31, 19, 15, 15, 15, 15, 15, 5, 5, 7, 15, 15, 15, 15
15, 21, 5, 20, 24, 2, 3, 15, 25, 31, 7, 5, 19, 11, 7, 15, 15, 15, 31, 15, 31, 15, 15, 15, 3, 15
15, 31, 6, 31, 18, 5, 13, 31, 30, 31, 23, 13, 15, 15, 15, 30, 15, 5, 18, 15, 15, 15, 15, 18, 15, 31
15, 18, 31, 16, 26, 15, 31, 5, 3, 8, 15, 15, 15, 31, 15, 15, 15, 5, 31, 11, 15, 15, 15, 18, 15, 15
16, 2, 4, 16, 16, 16, 18, 18, 2, 8, 0, 16, 16, 16, 16, 16, 16, 16, 16, 0, 16, 4, 16, 16, 16, 16
16, 8, 11, 16, 4, 4, 4, 0, 14, 8, 16, 8, 16, 16, 0, 16, 16, 16, 16, 16, 16, 16, 16, 16, 8, 12
16, 4, 25, 4, 18, 6, 11, 0, 8, 16, 16, 2, 16, 16, 0, 16, 16, 16, 8, 16, 4, 16, 16, 16, 0, 16
16, 4, 22, 24, 22, 12, 4, 16, 0, 12, 16, 16, 16, 16, 0, 16, 16, 16, 16, 16, 16, 16, 16, 16, 16, 16
16, 4, 2, 4, 12, 24, 12, 0, 8, 16, 3, 16, 16, 16, 16, 16, 27, 16, 16, 16, 0, 16, 16, 16, 16, 16
16, 4, 26, 16, 16, 7, 12, 16, 4, 22, 0, 11, 0, 8, 16, 16, 16, 16, 16, 16, 2, 16, 16, 16, 16, 8
16, 3, 28, 4, 22, 0, 16, 4, 16, 22, 16, 16, 16, 16, 16, 8, 16, 16, 16, 16, 16, 16, 16, 8, 2, 16
16, 20, 4, 12, 16, 24, 16, 16, 0, 8, 4, 16, 16, 16, 8, 16, 4, 16, 16, 16, 16, 16, 16, 16, 16, 16
16, 20, 26, 16, 0, 24, 16, 2, 4, 16, 16, 8, 8, 0, 16, 16, 22, 4, 22, 16, 16, 16, 16, 16, 16, 16
16, 9, 16, 14, 4, 12, 22, 8, 18, 8, 16, 16, 16, 0, 16, 16, 16, 8, 16, 16, 16, 16, 16, 16, 16, 4
16, 22, 16, 2, 14, 8, 8, 8, 12, 2, 16, 16, 16, 16, 16, 16, 16, 16, 0, 8, 16, 16, 16, 8, 16, 16
16, 7, 8, 16, 4, 16, 22, 0, 16, 18, 16, 0, 8, 16, 16, 16, 16, 16, 8, 8, 16, 22, 8, 16, 16, 16
16, 14, 20, 16, 22, 16, 16, 8, 16, 16, 16, 16, 16, 0, 16, 16, 16, 16, 16, 16, 16, 8, 4, 16, 16, 8
16, 5, 4, 22, 18, 14, 16, 16, 8, 0, 28, 16, 0, 4, 8, 16, 16, 16, 4, 8, 16, 16, 8, 16, 16, 16
16, 4, 8, 4, 24, 16, 16, 16, 16, 16, 16, 16, 16, 16, 16, 16, 16, 16, 16, 8, 8, 4, 4, 16, 8, 16
17, 5, 17, 5, 17, 28, 17, 17, 21, 17, 17, 10, 17, 17, 21, 17, 17, 17, 17, 17, 17, 17, 17, 17, 17, 17
17, 4, 14, 27, 17, 1, 17, 17, 17, 17, 17, 17, 21, 17, 17, 19, 17, 5, 17, 17, 17, 17, 17, 17, 17, 17
17, 19, 19, 30, 17, 24, 14, 17, 22, 17, 17, 21, 17, 1, 21, 17, 17, 17, 17, 17, 17, 17, 17, 17, 17, 17
17, 3, 25, 17, 17, 17, 19, 17, 1, 17, 1, 10, 17, 17, 17, 17, 17, 17, 17, 17, 19, 17, 17, 17, 17, 17
17, 16, 22, 26, 17, 17, 17, 21, 1, 17, 17, 17, 17, 17, 30, 21, 17, 17, 17, 17, 17, 17, 17, 17, 17, 17
17, 22, 14, 14, 19, 17, 17, 17, 19, 17, 17, 17, 17, 21, 17, 17, 17, 17, 17, 17, 17, 17, 17, 17, 17, 17
17, 28, 29, 21, 6, 17, 1, 21, 21, 21, 17, 17, 17, 17, 17, 17, 17, 17, 17, 17, 17, 17, 17, 17, 17, 19
17, 3, 25, 21, 19, 17, 28, 1, 17, 17, 17, 17, 17, 17, 17, 17, 17, 17, 17, 17, 17, 17, 17, 17, 17, 17
17, 0, 7, 0, 5, 25, 17, 17, 21, 17, 17, 17, 17, 17, 17, 17, 17, 17, 17, 17, 17, 30, 21, 17, 17, 17
17, 9, 20, 17, 17, 17, 17, 17, 17, 17, 17, 17, 17, 17, 17, 17, 17, 17, 17, 17, 17, 17, 17, 17, 17, 17
17, 18, 19, 21, 20, 26, 17, 17, 21, 17, 14, 21, 21, 17, 17, 17, 17, 17, 17, 17, 1, 17, 17, 17, 17, 17
17, 1, 21, 28, 17, 19, 17, 17, 17, 17, 17, 17, 17, 17, 17, 17, 17, 17, 17, 17, 17, 17, 17, 1, 17, 17
17, 0, 19, 14, 17, 10, 29, 17, 17, 17, 17, 21, 17, 17, 17, 17, 17, 17, 17, 17, 17, 17, 17, 1, 17, 17
17, 27, 4, 1, 17, 17, 17, 17, 17, 17, 17, 1, 17, 17, 30, 17, 21, 17, 17, 17, 17, 17, 21, 17, 17, 17
17, 5, 0, 22, 19, 21, 17, 17, 21, 17, 17, 28, 17, 17, 17, 17, 17, 17, 17, 17, 17, 17, 17, 17, 17, 17
18, 3, 4, 24, 2, 7, 18, 22, 18, 18, 18, 8, 18, 18, 8, 8, 2, 18, 18, 18, 18, 18, 18, 18, 18, 18
18, 4, 2, 24, 24, 9, 25, 18, 18, 7, 7, 18, 9, 8, 8, 8, 18, 2, 18, 18, 18, 8, 18, 18, 18, 18
18, 4, 10, 20, 22, 18, 8, 0, 18, 18, 18, 18, 2, 18, 8, 18, 8, 10, 18, 11, 18, 7, 18, 18, 18, 18
18, 2, 23, 20, 24, 24, 11, 8, 24, 22, 12, 7, 18, 18, 18, 18, 7, 18, 8, 7, 18, 18, 18, 8, 18, 18
18, 20, 31, 18, 18, 11, 18, 7, 18, 18, 7, 18, 18, 18, 18, 18, 8, 18, 18, 18, 18, 11, 18, 18, 18, 18
18, 13, 24, 23, 12, 24, 3, 7, 18, 7, 18, 7, 18, 18, 7, 18, 12, 7, 18, 18, 7, 8, 18, 7, 18, 18
18, 7, 16, 2, 7, 24, 24, 18, 18, 0, 18, 18, 8, 2, 18, 18, 18, 18, 18, 18, 18, 18, 18, 18, 18, 18
18, 13, 4, 18, 18, 25, 8, 18, 18, 18, 7, 18, 18, 18, 18, 8, 8, 8, 18, 18, 18, 18, 7, 18, 7, 18
18, 3, 2, 0, 18, 18, 18, 18, 18, 16, 18, 18, 18, 18, 8, 18, 18, 18, 18, 2, 9, 7, 7, 7, 18, 18
18, 18, 16, 18, 22, 12, 8, 18, 18, 18, 18, 18, 25, 2, 18, 18, 18, 7, 18, 18, 8, 18, 18, 18, 18, 18
18, 0, 20, 18, 13, 24, 27, 24, 7, 18, 18, 18, 8, 18, 8, 18, 18, 18, 18, 18, 18, 2, 18, 18, 18, 18
18, 16, 7, 18, 18, 8, 18, 16, 18, 18, 12, 8, 18, 7, 18, 18, 18, 18, 18, 18, 18, 18, 18, 18, 18, 18
18, 2, 2, 31, 22, 18, 8, 2, 9, 18, 8, 18, 18, 18, 18, 10, 18, 10, 7, 18, 18, 18, 18, 18, 18, 18
18, 7, 22, 12, 18, 10, 13, 8, 18, 11, 11, 18, 18, 7, 7, 18, 7, 18, 18, 18, 18, 18, 18, 18, 10, 18
18, 2, 2, 18, 18, 18, 8, 22, 18, 8, 2, 18, 18, 8, 18, 7, 18, 18, 8, 18, 2, 18, 18, 18, 8, 18
19, 27, 19, 19, 19, 17, 19, 19, 19, 19, 19, 19, 19, 19, 19, 19, 19, 19, 19, 19, 17, 30, 19, 19, 19, 19
19, 5, 7, 19, 19, 19, 28, 26, 19, 19, 19, 19, 19, 19, 19, 19, 19, 19, 19, 19, 19, 19, 19, 19, 19, 19
19, 27, 6, 17, 13, 19, 19, 19, 20, 30, 19, 19, 19, 19, 19, 19, 19, 19, 19, 19, 19, 19, 19, 19, 19, 19
19, 5, 23, 4, 26, 19, 19, 19, 19, 19, 19, 19, 19, 19, 19, 19, 19, 19, 19, 19, 19, 19, 19, 19, 19, 19
19, 26, 3, 20, 19, 17, 17, 19, 13, 19, 19, 19, 19, 19, 19, 19, 19, 28, 19, 19, 19, 21, 19, 19, 19, 19
19, 21, 9, 20, 19, 19, 21, 19, 19, 19, 19, 19, 19, 19, 19, 19, 19, 19, 19, 19, 19, 19, 19, 19, 19, 19
19, 28, 23, 28, 23, 26, 19, 19, 15, 19, 19, 19, 19, 28, 19, 19, 19, 19, 19, 19, 19, 19, 19, 19, 19, 19
19, 19, 14, 2, 3, 19, 19, 19, 19, 19, 19, 19, 19, 19, 19, 19, 19, 19, 19, 19, 19, 19, 19, 19, 19, 19
19, 4, 5, 29, 30, 29, 28, 19, 19, 19, 19, 19, 19, 19, 19, 19, 19, 5, 19, 19, 19, 19, 19, 19, 19, 19
19, 19, 21, 31, 29, 30, 19, 19, 5, 19, 19, 19, 19, 19, 19, 19, 19, 19, 19, 19, 19, 19, 19, 19, 19, 19
19, 18, 8, 28, 17, 19, 30, 19, 19, 19, 19, 19, 19, 19, 19, 19, 19, 19, 19, 19, 19, 19, 19, 19, 19, 19
19, 4, 19, 4, 19, 19, 19, 19, 19, 19, 19, 19, 19, 19, 19, 19, 19, 19, 19, 19, 19, 19, 19, 19, 19, 19
19, 6, 19, 23, 26, 30, 19, 19, 19, 30, 19, 17, 19, 19, 19, 19, 19, 30, 19, 19, 19, 19, 19, 19, 19, 19
19, 6, 28, 19, 29, 19, 19, 19, 19, 19, 30, 19, 19, 19, 19, 19, 19, 19, 19, 19, 19, 19, 19, 19, 19, 19
19, 4, 24, 20, 17, 31, 19, 19, 19, 21, 19, 19, 19, 19, 19, 19, 19, 19, 19, 19, 19, 19, 19, 19, 19, 19
20, 20, 5, 24, 20, 20, 20, 20, 20, 20, 20, 20, 20, 20, 20, 20, 20, 20, 20, 20, 20, 20, 20, 20, 20, 20
20, 20, 20, 26, 20, 20, 20, 20, 20, 20, 20, 20, 20, 20, 20, 20, 20, 20, 20, 20, 20, 20, 20, 20, 20, 20
20, 20, 20, 17, 19, 20, 20, 20, 20, 20, 20, 20, 20, 20, 20, 20, 20, 20, 20, 20, 20, 20, 20, 20, 20, 20
20, 20, 20, 20, 12, 20, 20, 20, 20, 20, 20, 20, 20, 20, 20, 20, 20, 20, 20, 20, 20, 20, 20, 20, 20, 20
20, 4, 3, 26, 29, 10, 20, 10, 20, 20, 20, 20, 20, 20, 20, 20, 20, 20, 20, 20, 20, 20, 20, 20, 20, 20
20, 24, 31, 20, 0, 20, 20, 20, 20, 20, 20, 20, 20, 20, 20, 20, 20, 20, 20, 20, 20, 20, 20, 20, 20, 20
20, 4, 28, 20, 20, 20, 20, 20, 20, 20, 28, 20, 20, 20, 20, 20, 20, 20, 20, 20, 20, 20, 20, 20, 20, 20
20, 4, 20, 23, 23, 20, 20, 20, 20, 20, 20, 20, 20, 20, 20, 20, 20, 20, 20, 20, 20, 20, 20, 20, 20, 20
20, 23, 4, 26, 20, 20, 23, 20, 20, 20, 20, 12, 20, 20, 20, 20, 20, 20, 20, 20, 20, 20, 20, 20, 20, 20
20, 20, 8, 20, 11, 20, 20, 20, 20, 20, 20, 20, 20, 20, 20, 20, 20, 20, 20, 20, 20, 20, 20, 20, 20, 20
20, 10, 1, 20, 26, 20, 19, 20, 20, 20, 20, 20, 20, 20, 20, 20, 20, 20, 20, 20, 20, 20, 20, 20, 20, 20
20, 4, 20, 23, 20, 20, 23, 20, 20, 20, 20, 20, 20, 20, 20, 20, 20, 20, 20, 20, 20, 20, 20, 20, 20, 20
20, 16, 19, 16, 18, 20, 26, 20, 20, 20, 20, 20, 20, 20, 20, 20, 20, 20, 20, 20, 20, 20, 20, 20, 20, 20
20, 25, 4, 4, 17, 20, 20, 20, 20, 20, 20, 20, 20, 20, 20, 20, 20, 20, 20, 20, 20, 20, 20, 20, 20, 20
20, 4, 24, 20, 20, 31, 20, 20, 20, 20, 20, 20, 20, 20, 20, 20, 20, 20, 20, 20, 20, 20, 20, 20, 20, 20
21, 10, 5, 21, 21, 17, 1, 21, 21, 30, 21, 21, 21, 5, 1, 21, 21, 21, 21, 21, 5, 21, 21, 21, 21, 21
21, 21, 17, 5, 17, 21, 13, 21, 21, 21, 21, 5, 21, 21, 21, 21, 21, 21, 21, 21, 21, 21, 21, 21, 21, 5
21, 27, 21, 5, 21, 21, 21, 21, 21, 21, 1, 21, 21, 21, 21, 21, 21, 21, 21, 21, 5, 1, 21, 21, 21, 5
21, 21, 25, 21, 21, 5, 21, 21, 14, 21, 21, 5, 21, 17, 21, 21, 21, 21, 21, 5, 21, 21, 21, 21, 5, 21
21, 6, 22, 1, 21, 17, 21, 21, 21, 13, 21, 21, 21, 21, 21, 17, 5, 21, 21, 21, 21, 21, 21, 21, 21, 21
21, 3, 21, 21, 1, 21, 21, 31, 21, 21, 21, 5, 21, 21, 21, 5, 21, 21, 21, 21, 5, 21, 21, 21, 21, 21
21, 13, 21, 21, 21, 21, 3, 21, 21, 21, 21, 1, 21, 21, 21, 21, 21, 21, 21, 21, 21, 21, 21, 21, 5, 17
21, 21, 21, 13, 21, 21, 5, 21, 21, 21, 21, 21, 21, 21, 21, 1, 21, 21, 21, 21, 5, 21, 21, 17, 21, 21
21, 25, 18, 17, 31, 21, 17, 21, 21, 21, 21, 21, 17, 21, 21, 21, 21, 21, 21, 21, 5, 21, 21, 21, 21, 21
21, 21, 27, 26, 21, 21, 21, 1, 17, 26, 21, 21, 21, 21, 21, 17, 1, 21, 21, 17, 21, 21, 21, 21, 21, 21
21, 0, 25, 30, 30, 21, 30, 30, 21, 5, 17, 21, 21, 21, 21, 21, 21, 21, 21, 21, 21, 21, 21, 5, 21, 21
21, 26, 3, 17, 21, 21, 21, 21, 21, 21, 1, 21, 21, 21, 21, 21, 5, 21, 21, 5, 21, 21, 21, 30, 21, 21
21, 21, 23, 21, 21, 21, 21, 17, 5, 21, 21, 21, 21, 21, 31, 21, 21, 21, 21, 21, 21, 21, 21, 21, 21, 21
21, 7, 5, 6, 1, 21, 21, 17, 17, 21, 21, 21, 21, 21, 21, 21, 21, 21, 5, 21, 5, 5, 5, 17, 21, 21
21, 0, 21, 5, 21, 17, 21, 21, 5, 21, 21, 30, 5, 21, 21, 21, 21, 21, 21, 21, 21, 21, 21, 21, 5, 21
22, 2, 16, 25, 4, 12, 3, 22, 2, 9, 0, 22, 24, 22, 16, 8, 6, 14, 16, 0, 22, 6, 22, 22, 22, 6
22, 3, 25, 4, 0, 6, 22, 22, 6, 22, 22, 8, 22, 22, 22, 0, 14, 22, 22, 0, 2, 22, 22, 22, 0, 22
22, 27, 2, 16, 25, 22, 22, 8, 2, 22, 22, 9, 22, 8, 22, 2, 2, 14, 22, 6, 22, 22, 22, 22, 0, 22
22, 9, 5, 0, 25, 2, 16, 3, 11, 22, 14, 22, 9, 8, 0, 10, 22, 16, 22, 22, 6, 22, 22, 2, 22, 22
22, 3, 14, 14, 14, 28, 2, 2, 22, 22, 16, 22, 22, 11, 22, 22, 22, 6, 22, 22, 11, 0, 22, 0, 22, 0
22, 28, 20, 2, 25, 14, 16, 22, 12, 12, 0, 16, 8, 8, 16, 7, 8, 0, 22, 22, 22, 22, 22, 22, 22, 22
22, 3, 14, 8, 22, 16, 9, 6, 22, 6, 22, 22, 22, 22, 0, 22, 22, 22, 0, 8, 22, 22, 16, 6, 22, 22
22, 12, 26, 22, 22, 22, 22, 16, 9, 2, 22, 22, 0, 14, 22, 22, 16, 22, 0, 22, 22, 22, 22, 22, 22, 22
22, 4, 7, 4, 27, 14, 22, 22, 18, 14, 8, 6, 2, 22, 9, 6, 6, 2, 2, 2, 22, 22, 6, 22, 22, 22
22, 7, 25, 25, 2, 22, 22, 0, 0, 22, 6, 14, 11, 22, 22, 0, 22, 22, 0, 6, 6, 22, 22, 22, 22, 22
22, 6, 10, 16, 22, 16, 11, 17, 2, 18, 22, 0, 22, 7, 16, 0, 7, 22, 22, 6, 0, 22, 6, 22, 22, 22
22, 3, 3, 3, 27, 9, 22, 22, 22, 22, 22, 3, 22, 2, 2, 9, 22, 22, 9, 22, 22, 2, 22, 22, 22, 22
22, 4, 9, 30, 22, 12, 22, 22, 6, 22, 12, 6, 22, 6, 22, 22, 2, 9, 22, 22, 2, 22, 22, 22, 22, 2
22, 9, 4, 22, 12, 22, 22, 14, 0, 22, 6, 22, 2, 22, 22, 22, 22, 22, 3, 6, 22, 6, 22, 22, 6, 22
22, 4, 22, 28, 16, 22, 15, 1, 22, 22, 8, 6, 22, 2, 6, 22, 22, 22, 16, 2, 22, 22, 22, 3, 16, 22
23, 10, 23, 20, 20, 26, 23, 23, 23, 23, 23, 23, 23, 23, 23, 23, 23, 23, 23, 23, 23, 23, 23, 23, 23, 23
23, 4, 23, 23, 20, 23, 23, 23, 23, 23, 23, 23, 23, 23, 23, 23, 23, 23, 23, 23, 23, 23, 23, 23, 23, 23
23, 24, 24, 18, 20, 5, 26, 23, 23, 23, 23, 13, 23, 23, 23, 23, 23, 23, 23, 23, 23, 23, 23, 23, 23, 23
23, 15, 23, 23, 23, 23, 23, 23, 23, 23, 23, 23, 23, 23, 23, 23, 23, 23, 23, 23, 23, 23, 23, 23, 23, 23
23, 28, 28, 26, 23, 23, 23, 23, 23, 23, 23, 23, 19, 23, 23, 23, 23, 23, 23, 23, 23, 23, 23, 23, 23, 23
23, 21, 23, 23, 23, 20, 23, 13, 23, 23, 23, 23, 23, 23, 23, 23, 23, 23, 23, 23, 23, 23, 23, 23, 23, 23
23, 7, 26, 23, 23, 23, 13, 23, 23, 23, 23, 23, 23, 23, 23, 23, 23, 23, 23, 23, 23, 23, 23, 23, 23, 23
23, 23, 2, 23, 23, 18, 23, 23, 23, 23, 23, 23, 23, 23, 23, 23, 23, 23, 23, 23, 23, 23, 23, 23, 23, 23
23, 20, 23, 28, 23, 23, 23, 23, 23, 23, 23, 23, 23, 23, 23, 23, 23, 31, 23, 23, 23, 23, 23, 23, 23, 23
23, 2, 3, 23, 23, 23, 23, 23, 23, 23, 23, 23, 23, 23, 23, 23, 23, 23, 23, 23, 23, 23, 23, 23, 23, 23
23, 23, 23, 19, 23, 23, 31, 23, 23, 23, 23, 23, 10, 23, 23, 26, 23, 23, 23, 23, 23, 23, 23, 23, 23, 23
23, 31, 23, 23, 31, 23, 23, 23, 23, 23, 23, 23, 23, 23, 23, 23, 23, 23, 23, 23, 23, 23, 23, 23, 23, 23
23, 24, 23, 13, 23, 26, 23, 23, 23, 23, 23, 23, 23, 23, 23, 23, 23, 23, 23, 23, 23, 23, 23, 23, 23, 23
23, 18, 25, 20, 23, 23, 26, 26, 23, 23, 23, 23, 23, 23, 23, 23, 23, 23, 23, 23, 23, 23, 23, 23, 23, 23
23, 23, 23, 23, 23, 23, 21, 23, 23, 23, 23, 23, 23, 23, 23, 23, 23, 23, 23, 23, 23, 23, 23, 23, 23, 23
24, 4, 0, 10, 24, 18, 24, 24, 24, 24, 24, 24, 24, 24, 24, 24, 24, 24, 24, 24, 24, 24, 24, 24, 24, 24
24, 23, 6, 24, 24, 24, 24, 24, 24, 24, 24, 24, 24, 24, 24, 24, 24, 24, 24, 24, 24, 24, 24, 24, 24, 24
24, 2, 27, 24, 11, 24, 24, 24, 24, 24, 24, 24, 24, 24, 24, 24, 24, 24, 24, 24, 24, 24, 24, 24, 24, 24
24, 20, 22, 0, 8, 2, 24, 24, 24, 24, 24, 24, 24, 24, 24, 24, 24, 24, 24, 24, 24, 24, 24, 24, 24, 24
24, 20, 5, 16, 24, 18, 24, 24, 24, 30, 24, 24, 24, 24, 24, 24, 24, 24, 24, 24, 24, 24, 24, 24, 24, 24
24, 24, 14, 24, 24, 24, 24, 24, 24, 24, 10, 24, 24, 24, 24, 24, 24, 24, 24, 24, 24, 24, 24, 24, 24, 24
24, 3, 22, 4, 24, 24, 24, 24, 24, 24, 24, 16, 24, 24, 24, 24, 24, 24, 24, 24, 24, 24, 24, 24, 24, 24
24, 24, 12, 18, 24, 24, 22, 24, 24, 24, 24, 24, 24, 24, 24, 24, 7, 24, 24, 24, 24, 24, 24, 24, 24, 24
24, 20, 31, 25, 24, 24, 24, 24, 24, 24, 24, 24, 24, 24, 24, 24, 24, 24, 24, 24, 24, 24, 24, 24, 24, 8
24, 6, 10, 16, 24, 24, 20, 24, 24, 24, 24, 24, 24, 24, 24, 24, 24, 24, 24, 24, 24, 24, 24, 24, 24, 24
24, 20, 2, 7, 24, 22, 9, 24, 24, 24, 24, 24, 24, 24, 24, 24, 24, 24, 24, 24, 24, 24, 24, 24, 24, 24
24, 7, 7, 8, 24, 22, 22, 24, 24, 24, 24, 24, 24, 24, 24, 24, 24, 24, 24, 24, 24, 24, 24, 24, 24, 24
24, 4, 24, 24, 24, 24, 10, 24, 24, 24, 24, 8, 24, 24, 24, 24, 24, 24, 24, 24, 24, 24, 24, 24, 24, 24
24, 20, 9, 24, 24, 4, 24, 24, 24, 24, 24, 24, 24, 24, 24, 24, 24, 24, 24, 24, 24, 24, 24, 24, 24, 24
24, 7, 2, 24, 22, 24, 24, 24, 24, 24, 24, 24, 24, 24, 24, 24, 24, 24, 24, 24, 24, 24, 24, 24, 24, 24
25, 12, 21, 22, 6, 6, 22, 25, 25, 25, 25, 25, 25, 25, 22, 25, 25, 25, 25, 25, 25, 25, 25, 25, 9, 25
25, 8, 19, 6, 14, 9, 9, 14, 25, 25, 25, 25, 25, 25, 25, 25, 14, 25, 25, 25, 25, 25, 25, 25, 25, 25
25, 31, 4, 25, 9, 11, 25, 18, 25, 14, 14, 25, 25, 9, 25, 5, 25, 14, 25, 25, 22, 25, 25, 25, 25, 25
25, 20, 28, 25, 21, 25, 18, 25, 25, 25, 25, 25, 6, 14, 25, 25, 25, 13, 25, 25, 25, 25, 25, 25, 25, 25
25, 4, 26, 24, 9, 18, 25, 21, 25, 3, 30, 25, 25, 25, 25, 25, 25, 25, 25, 25, 25, 25, 25, 25, 25, 25
25, 2, 25, 1, 22, 6, 25, 25, 25, 18, 25, 2, 25, 25, 25, 25, 25, 25, 25, 25, 22, 25, 25, 25, 25, 25
25, 12, 25, 18, 18, 11, 5, 25, 13, 11, 25, 25, 25, 25, 25, 25, 25, 25, 25, 25, 25, 25, 25, 25, 25, 25
25, 25, 16, 5, 2, 8, 25, 25, 25, 25, 25, 25, 25, 25, 25, 25, 25, 25, 25, 25, 25, 25, 25, 25, 25, 25
25, 9, 1, 0, 6, 3, 25, 25, 25, 25, 25, 25, 25, 25, 25, 25, 25, 25, 25, 25, 25, 25, 25, 25, 25, 25
25, 6, 17, 22, 25, 25, 25, 6, 25, 25, 25, 25, 25, 25, 25, 25, 25, 6, 25, 25, 25, 25, 25, 25, 25, 25
25, 4, 0, 27, 6, 22, 25, 11, 25, 25, 25, 25, 25, 3, 25, 5, 25, 10, 25, 9, 25, 25, 25, 25, 25, 25
25, 4, 3, 25, 25, 5, 11, 25, 22, 25, 12, 25, 25, 25, 25, 25, 25, 25, 25, 25, 25, 25, 25, 25, 25, 25
25, 13, 21, 25, 25, 1, 25, 22, 25, 8, 25, 25, 25, 25, 25, 25, 25, 25, 22, 25, 25, 25, 25, 25, 9, 25
25, 4, 1, 3, 12, 30, 25, 18, 25, 25, 25, 25, 25, 25, 25, 25, 25, 9, 25, 25, 25, 25, 25, 25, 25, 25
25, 2, 7, 27, 6, 2, 25, 25, 25, 25, 25, 22, 25, 25, 25, 25, 25, 25, 25, 25, 25, 25, 25, 25, 25, 25
26, 16, 14, 15, 17, 26, 26, 26, 15, 26, 26, 26, 26, 26, 26, 26, 26, 26, 19, 26, 26, 26, 26, 26, 26, 26
26, 3, 3, 19, 26, 31, 26, 26, 26, 26, 26, 26, 26, 26, 26, 26, 26, 26, 26, 26, 26, 26, 26, 26, 26, 26
26, 26, 18, 20, 23, 26, 26, 20, 26, 26, 10, 26, 26, 26, 26, 26, 26, 26, 26, 26, 26, 26, 26, 26, 26, 26
26, 4, 21, 24, 19, 26, 26, 26, 26, 26, 26, 26, 26, 26, 10, 26, 26, 26, 26, 26, 26, 26, 26, 26, 26, 30
26, 1, 29, 26, 23, 26, 26, 26, 26, 26, 26, 26, 26, 26, 26, 26, 26, 26, 26, 26, 26, 26, 26, 26, 26, 26
26, 17, 26, 26, 26, 26, 26, 23, 26, 26, 26, 26, 26, 26, 26, 26, 26, 26, 26, 26, 26, 23, 26, 26, 26, 26
26, 23, 23, 23, 28, 26, 26, 26, 26, 26, 26, 26, 26, 26, 26, 26, 26, 26, 26, 26, 26, 26, 26, 26, 26, 26
26, 3, 27, 30, 26, 26, 26, 20, 26, 26, 26, 26, 26, 26, 26, 26, 26, 26, 26, 26, 26, 26, 26, 26, 26, 26
26, 1, 4, 29, 13, 20, 26, 26, 26, 26, 26, 26, 26, 26, 26, 26, 26, 26, 26, 26, 26, 26, 26, 26, 26, 26
26, 5, 4, 23, 26, 26, 26, 26, 26, 26, 26, 26, 26, 26, 26, 26, 26, 26, 26, 26, 26, 26, 26, 26, 26, 26
26, 26, 0, 23, 26, 26, 26, 31, 26, 26, 26, 26, 26, 26, 26, 26, 26, 26, 26, 26, 26, 26, 26, 26, 26, 26
26, 14, 27, 26, 26, 26, 30, 26, 13, 26, 26, 26, 26, 26, 26, 26, 26, 26, 26, 26, 26, 26, 26, 26, 26, 26
26, 7, 23, 23, 19, 9, 26, 20, 13, 26, 20, 26, 26, 26, 26, 26, 26, 26, 26, 26, 26, 26, 26, 26, 26, 26
26, 0, 18, 19, 11, 26, 26, 23, 26, 26, 26, 26, 26, 26, 26, 26, 26, 26, 26, 26, 26, 26, 26, 26, 26, 26
26, 9, 23, 26, 19, 26, 26, 26, 26, 26, 26, 26, 26, 26, 26, 26, 26, 30, 26, 26, 26, 30, 26, 26, 26, 26
27, 4, 31, 27, 27, 27, 27, 27, 27, 27, 27, 27, 27, 27, 27, 27, 27, 27, 27, 27, 27, 27, 27, 27, 27, 27
27, 4, 5, 3, 12, 27, 27, 27, 27, 27, 27, 27, 27, 27, 27, 27, 27, 27, 27, 27, 27, 27, 27, 27, 27, 27
27, 28, 4, 27, 27, 27, 27, 27, 27, 27, 27, 27, 27, 27, 27, 27, 27, 27, 27, 27, 27, 27, 27, 27, 27, 27
27, 19, 19, 20, 24, 27, 22, 27, 27, 27, 27, 27, 27, 27, 27, 27, 27, 27, 27, 27, 27, 27, 27, 27, 27, 27
27, 7, 17, 10, 27, 16, 27, 27, 27, 27, 27, 27, 27, 27, 27, 27, 27, 27, 27, 27, 27, 27, 27, 27, 27, 27
27, 23, 4, 2, 0, 27, 27, 27, 27, 27, 27, 27, 27, 27, 27, 27, 27, 27, 27, 27, 27, 27, 27, 27, 27, 27
27, 3, 25, 9, 23, 27, 27, 27, 27, 27, 27, 27, 27, 27, 27, 27, 27, 27, 27, 27, 27, 27, 27, 27, 27, 27
27, 27, 21, 27, 27, 15, 27, 27, 27, 27, 27, 27, 27, 27, 27, 27, 27, 27, 27, 27, 27, 27, 27, 27, 27, 27
27, 16, 27, 26, 27, 27, 27, 9, 27, 27, 27, 27, 27, 27, 27, 27, 27, 27, 27, 27, 27, 27, 27, 27, 27, 27
27, 5, 7, 20, 24, 27, 27, 27, 27, 27, 27, 27, 27, 27, 27, 27, 27, 27, 11, 27, 27, 27, 27, 27, 27, 27
27, 14, 24, 23, 6, 27, 27, 27, 27, 27, 27, 27, 27, 27, 27, 27, 27, 27, 27, 27, 27, 27, 27, 27, 27, 27
27, 18, 27, 27, 27, 27, 27, 27, 27, 27, 27, 27, 27, 27, 27, 27, 27, 27, 27, 27, 27, 27, 11, 27, 27, 27
27, 4, 24, 18, 8, 27, 27, 27, 27, 27, 27, 27, 27, 27, 27, 27, 27, 27, 27, 27, 27, 27, 27, 27, 27, 27
27, 5, 16, 27, 27, 27, 12, 11, 27, 27, 27, 27, 27, 27, 27, 27, 27, 27, 27, 27, 27, 27, 27, 27, 27, 27
27, 2, 29, 9, 27, 27, 27, 27, 27, 18, 11, 27, 27, 27, 27, 27, 27, 27, 27, 27, 27, 27, 27, 27, 27, 27
28, 28, 17, 28, 12, 28, 28, 28, 28, 28, 12, 28, 28, 28, 28, 28, 28, 28, 28, 28, 28, 28, 28, 28, 28, 28
28, 27, 0, 28, 28, 28, 28, 14, 28, 28, 28, 28, 28, 28, 28, 28, 28, 28, 28, 28, 28, 28, 28, 28, 28, 28
28, 20, 28, 28, 28, 28, 28, 28, 28, 28, 28, 28, 28, 28, 28, 28, 28, 28, 28, 28, 28, 28, 28, 28, 28, 28
28, 20, 6, 29, 28, 28, 19, 28, 28, 28, 11, 28, 28, 28, 28, 28, 28, 28, 28, 28, 28, 28, 28, 28, 28, 28
28, 3, 4, 0, 28, 24, 28, 28, 28, 28, 28, 28, 30, 28, 28, 28, 28, 28, 28, 28, 28, 28, 28, 28, 28, 28
28, 5, 16, 26, 26, 28, 28, 28, 12, 28, 28, 28, 28, 28, 28, 28, 28, 28, 28, 28, 28, 28, 28, 28, 28, 28
28, 3, 23, 31, 4, 19, 12, 28, 28, 28, 28, 28, 28, 28, 28, 28, 28, 28, 28, 28, 28, 28, 28, 28, 28, 28
28, 29, 17, 20, 28, 19, 28, 28, 28, 28, 28, 28, 28, 28, 28, 28, 28, 28, 28, 28, 28, 28, 28, 28, 28, 28
28, 20, 26, 23, 28, 28, 28, 6, 28, 28, 28, 28, 28, 28, 28, 28, 28, 28, 28, 28, 28, 28, 28, 28, 28, 28
28, 4, 28, 28, 3, 28, 28, 28, 28, 28, 1, 12, 28, 28, 28, 28, 28, 28, 28, 28, 28, 28, 28, 28, 28, 28
28, 28, 28, 20, 15, 28, 28, 28, 28, 28, 28, 28, 28, 28, 28, 28, 28, 28, 28, 28, 28, 28, 28, 28, 28, 28
28, 4, 20, 28, 20, 26, 28, 28, 28, 28, 28, 28, 28, 28, 28, 28, 28, 28, 28, 28, 28, 28, 28, 28, 28, 28
28, 3, 12, 30, 28, 28, 28, 28, 28, 28, 28, 28, 28, 28, 28, 28, 28, 28, 28, 28, 28, 28, 28, 28, 28, 28
28, 8, 3, 28, 28, 28, 19, 28, 28, 28, 28, 28, 28, 22, 28, 28, 28, 28, 28, 28, 28, 28, 28, 28, 28, 28
28, 23, 26, 16, 26, 19, 28, 28, 28, 28, 28, 28, 28, 28, 28, 28, 28, 28, 28, 28, 28, 28, 28, 28, 28, 28
29, 16, 12, 29, 4, 29, 29, 29, 29, 29, 29, 29, 29, 29, 29, 29, 29, 29, 29, 29, 29, 29, 29, 29, 29, 29
29, 4, 20, 26, 13, 29, 29, 29, 29, 29, 29, 29, 29, 29, 29, 29, 29, 29, 29, 29, 29, 29, 29, 29, 29, 29
29, 26, 19, 29, 29, 30, 29, 29, 29, 29, 29, 29, 29, 29, 29, 29, 29, 29, 29, 29, 29, 29, 29, 29, 29, 29
29, 15, 29, 29, 29, 29, 29, 29, 29, 29, 29, 29, 29, 29, 13, 29, 29, 29, 29, 29, 29, 29, 29, 29, 29, 29
29, 2, 29, 29, 29, 29, 29, 29, 29, 29, 29, 29, 29, 29, 29, 29, 29, 29, 29, 29, 29, 29, 29, 29, 29, 29
29, 6, 4, 19, 13, 27, 29, 29, 29, 29, 29, 29, 29, 29, 29, 29, 29, 29, 29, 29, 29, 29, 29, 29, 29, 29
29, 20, 29, 7, 23, 16, 29, 29, 29, 29, 29, 29, 29, 29, 29, 29, 29, 29, 29, 29, 29, 29, 29, 29, 29, 29
29, 2, 20, 23, 29, 29, 29, 29, 29, 29, 29, 29, 29, 29, 29, 29, 29, 29, 29, 29, 29, 29, 29, 29, 29, 29
29, 3, 16, 29, 29, 29, 29, 29, 29, 29, 29, 29, 29, 15, 29, 29, 29, 29, 29, 29, 29, 29, 29, 29, 29, 29
29, 10, 6, 29, 25, 28, 29, 29, 29, 29, 29, 29, 29, 29, 29, 29, 29, 29, 29, 29, 29, 29, 29, 29, 29, 29
29, 1, 13, 29, 13, 29, 29, 29, 29, 29, 29, 29, 29, 29, 29, 29, 29, 29, 29, 29, 29, 29, 29, 29, 29, 29
29, 3, 29, 12, 26, 29, 29, 29, 29, 29, 29, 29, 29, 29, 29, 29, 29, 29, 29, 29, 29, 29, 29, 29, 29, 29
29, 6, 26, 14, 29, 29, 29, 29, 23, 29, 29, 29, 29, 29, 29, 29, 29, 29, 29, 29, 29, 29, 29, 29, 29, 29
29, 29, 10, 29, 29, 29, 29, 29, 29, 29, 29, 29, 29, 29, 29, 29, 29, 29, 29, 29, 29, 29, 29, 29, 29, 29
29, 29, 27, 29, 29, 31, 29, 29, 29, 29, 29, 29, 29, 29, 29, 29, 29, 29, 29, 29, 29, 29, 29, 29, 29, 29
30, 4, 29, 29, 19, 17, 30, 30, 30, 30, 12, 30, 30, 30, 30, 30, 19, 30, 30, 30, 30, 30, 30, 30, 30, 17
30, 14, 23, 5, 20, 30, 30, 1, 21, 17, 17, 30, 12, 15, 30, 30, 17, 30, 30, 11, 1, 30, 30, 30, 30, 30
30, 4, 31, 13, 14, 1, 17, 30, 30, 21, 30, 30, 30, 30, 30, 30, 30, 30, 30, 30, 30, 30, 30, 30, 30, 30
30, 1, 1, 14, 15, 30, 12, 7, 28, 19, 19, 30, 30, 30, 30, 3, 22, 30, 30, 14, 30, 30, 30, 30, 30, 17
30, 13, 22, 14, 4, 30, 17, 13, 30, 30, 12, 30, 30, 30, 19, 30, 30, 30, 19, 30, 30, 30, 19, 30, 30, 30
30, 4, 19, 2, 3, 1, 15, 19, 3, 11, 30, 30, 10, 30, 7, 30, 30, 30, 30, 17, 30, 30, 30, 30, 30, 30
30, 29, 4, 19, 17, 9, 30, 30, 30, 1, 30, 30, 3, 3, 30, 30, 30, 30, 30, 30, 30, 30, 15, 30, 30, 30
30, 1, 10, 28, 18, 30, 17, 12, 22, 30, 19, 14, 30, 28, 15, 30, 30, 30, 30, 30, 19, 30, 30, 30, 15, 30
30, 22, 15, 12, 17, 21, 5, 12, 30, 30, 5, 30, 30, 5, 30, 30, 30, 11, 30, 30, 30, 30, 30, 30, 30, 30
30, 21, 31, 31, 19, 2, 3, 15, 17, 30, 30, 5, 30, 30, 30, 30, 19, 30, 30, 30, 30, 1, 30, 17, 12, 30
30, 1, 5, 5, 4, 3, 30, 23, 17, 30, 13, 30, 30, 30, 30, 1, 30, 30, 30, 30, 30, 30, 30, 30, 3, 15
30, 3, 26, 20, 19, 15, 11, 29, 30, 5, 5, 30, 30, 30, 30, 30, 30, 30, 30, 30, 30, 30, 30, 30, 3, 30
30, 0, 21, 30, 30, 3, 17, 30, 30, 19, 30, 30, 30, 30, 30, 19, 30, 30, 30, 30, 30, 30, 30, 30, 30, 30
30, 21, 20, 6, 3, 30, 1, 30, 3, 17, 1, 30, 30, 3, 30, 30, 30, 30, 30, 30, 30, 30, 30, 30, 30, 30
30, 26, 9, 16, 17, 9, 30, 1, 30, 15, 15, 10, 30, 30, 30, 30, 30, 30, 30, 30, 30, 30, 30, 30, 30, 30
31, 5, 19, 31, 31, 31, 31, 21, 31, 31, 31, 31, 31, 21, 31, 31, 31, 31, 31, 31, 31, 31, 31, 31, 31, 31
31, 21, 31, 31, 31, 15, 31, 31, 31, 11, 31, 31, 31, 15, 15, 31, 15, 31, 31, 31, 31, 31, 15, 31, 31, 31
31, 31, 28, 31, 31, 31, 31, 31, 31, 5, 31, 30, 31, 15, 31, 31, 31, 31, 15, 31, 31, 31, 31, 31, 31, 31
31, 31, 31, 5, 31, 26, 31, 31, 31, 31, 31, 12, 31, 31, 31, 31, 31, 31, 31, 31, 31, 31, 31, 31, 31, 31
31, 28, 31, 23, 30, 5, 31, 31, 31, 31, 31, 13, 31, 31, 22, 31, 31, 15, 31, 31, 31, 31, 31, 31, 31, 5
31, 28, 13, 31, 29, 31, 31, 13, 31, 31, 15, 15, 31, 31, 31, 31, 5, 31, 11, 31, 31, 31, 31, 31, 31, 31
31, 27, 23, 18, 19, 17, 5, 31, 13, 30, 31, 13, 19, 31, 31, 31, 31, 31, 31, 31, 31, 31, 31, 31, 31, 31
31, 3, 7, 7, 13, 31, 31, 31, 31, 15, 31, 31, 31, 31, 31, 15, 31, 31, 31, 15, 31, 31, 31, 31, 31, 15
31, 23, 18, 13, 31, 31, 31, 15, 31, 31, 31, 31, 31, 31, 31, 31, 31, 26, 31, 31, 31, 31, 15, 31, 31, 31
31, 21, 27, 19, 31, 13, 21, 31, 13, 31, 31, 31, 31, 31, 31, 31, 31, 31, 31, 31, 15, 31, 31, 19, 13, 31
31, 5, 21, 15, 31, 15, 23, 31, 27, 31, 5, 31, 31, 31, 31, 31, 31, 31, 31, 31, 31, 15, 31, 31, 31, 31
31, 2, 11, 31, 23, 21, 31, 31, 31, 31, 31, 31, 31, 15, 31, 31, 31, 31, 31, 31, 31, 31, 31, 31, 31, 31
31, 21, 31, 5, 5, 31, 31, 15, 31, 31, 31, 31, 31, 15, 31, 31, 31, 31, 31, 31, 31, 15, 31, 31, 31, 31
31, 19, 3, 23, 9, 31, 31, 13, 31, 5, 21, 31, 5, 31, 31, 23, 31, 31, 31, 31, 31, 31, 31, 15, 31, 31
31, 21, 12, 2, 23, 13, 31, 31, 31, 31, 31, 31, 15, 31, 31, 15, 31, 31, 31, 31, 31, 31, 31, 31, 31, 31

